SOL,SEQ_ID,INSTRUMENT,COLOR,FEATURE,FORMATION,MEMBER,FLOAT,L6,L6_STD,L0B,L0B_STD,R0B,R0B_STD,L5,L5_STD,L0G,L0G_STD,R0G,R0G_STD,L4,L4_STD,L0R,L0R_STD,R0R,R0R_STD,L3,L3_STD,L2,L2_STD,L1,L1_STD,R1,R1_STD,R2,R2_STD,R3,R3_STD,R4,R4_STD,R5,R5_STD,R6,R6_STD
-,-,-,green,-,-,-,-,0.21045020261651531,0.00419733,0.24152503244805837,0.00661224,0.2548887911286336,0.00642393,0.31552412121921486,0.00662346,0.25952062000901027,0.00657421,0.2755718368906673,0.00524401,0.21710708726060918,0.0047682,0.22972987405480375,0.00269146,0.19348315851241615,0.00255937,0.21763525761015512,0.00375273,0.24901245285281437,0.00260296,0.21941650000000001,0.00296248,0.21941650000000001,0.00221231,0.28874457373661294,0.00822626,0.3807905314369778,0.00853012,0.4601977682052489,0.00834411,0.475872219835236,0.0114575,0.4934472310038837,0.00895382
-,-,-,blue,-,-,-,-,0.06884149199088348,0.0312328,0.09986171826565636,0.0371946,0.1296249385449365,0.043139,0.1305228929360787,0.0752183,0.14216174919472307,0.0867449,0.2068975157415002,0.0689978,0.1883829901115211,0.0835891,0.19698626792171925,0.0898113,0.18763001990737027,0.0833131,0.21123751908540758,0.0915552,0.1979294873246426,0.105833,0.18988899999999997,0.0951795,0.18988899999999997,0.0944791,0.16009833407132856,0.092987,0.13637377331622993,0.0914301,0.16571826432769454,0.0852244,0.17003011746458546,0.085018,0.21430565885501784,0.0768118
-,-,-,red,-,-,-,-,0.5931605824168358,0.0174911,0.5941337658946194,0.0223985,0.5557102948294114,0.0144064,0.5950878486171963,0.0185397,0.5971660107836901,0.0188463,0.5436746694066007,0.0141249,0.5826962336768202,0.0134823,0.5885143237127949,0.0121364,0.5483088416855381,0.0120456,0.5958194075416147,0.0166302,0.5850246157365224,0.0141949,0.548206,0.0142586,0.548206,0.0157404,0.5370476771191258,0.0211992,0.5419064220583196,0.0214563,0.5474178968791934,0.0173287,0.5446380231548037,0.0158656,0.5538213659113662,0.0154268
