Composition,
Database of Origin,Unknown
Date Added,2021-03-20 18:08:51.811993
Formula,
Grain Size,
Locality,
Material Class,
Maximum Reflectance,2550.0
Minimum Reflectance,320.0
Other Information,
References,
Resolution,
Sample Description,
Sample ID,Amph_basaltic_glass_MUOinterior_Minitti2007
Sample Name,Amph_basaltic_glass_MUOinterior_Minitti2007
Sample Type,
Viewing Geometry,
filter,wavelength,solar_illuminated_response,response
L7,432.0,0.0341687695,0.0346217305
R1,436.0,0.0341477393,0.0346165282
L6,482.0,0.0351521841,0.0350205683
L5,535.0,0.0358103425,0.0363549954
L4,601.0,0.0375321172,0.037886646
L3,673.0,0.0380025507,0.0380254571
L1,739.0,0.0359517997,0.0355381724
L2,753.0,0.0362424386,0.0363275542
R2,754.0,0.0362284252,0.036301379
R3,803.0,0.0351524409,0.0349895437
R4,864.0,0.0337827479,0.0332555683
R5,904.0,0.0322511763,0.032413861
R6,934.0,0.0319273307,0.0319353833
R7,1009.0,0.031058625,0.0310205096
