Composition,
Database of Origin,Unknown
Date Added,2021-03-20 18:08:49.021866
Formula,
Grain Size,
Locality,
Material Class,
Maximum Reflectance,2560.0
Minimum Reflectance,395.1
Other Information,
References,
Resolution,
Sample Description,
Sample ID,CARB_Calcite_WS272_USGS
Sample Name,CARB_Calcite_WS272_USGS
Sample Type,
Viewing Geometry,
filter,wavelength,solar_illuminated_response,response
L7,432.0,0.9027512839,0.8887432295
R1,436.0,0.9097431778,0.8987789344
L6,482.0,0.9305278545,0.9344696641
L5,535.0,0.9505644865,0.9413697763
L4,601.0,0.9461402926,0.9452461088
L3,673.0,0.9493550854,0.9500306298
L1,739.0,0.9492550154,0.9500092862
L2,753.0,0.9513240816,0.9511435982
R2,754.0,0.951347391,0.9512918746
R3,803.0,0.9623386439,0.954916503
R4,864.0,0.9755711398,0.9603149146
R5,904.0,0.9578676763,0.9567222916
R6,934.0,0.9556672527,0.9555364943
R7,1009.0,0.9626471971,0.9619267695
