Composition,
Database of Origin,Unknown
Date Added,2021-03-20 18:08:48.122757
Formula,
Grain Size,
Locality,
Material Class,
Maximum Reflectance,2560.0
Minimum Reflectance,395.1
Other Information,
References,
Resolution,
Sample Description,
Sample ID,Phyllo_Kaolinite_KGa-1wxyl_USGS
Sample Name,Phyllo_Kaolinite_KGa-1wxyl_USGS
Sample Type,
Viewing Geometry,
filter,wavelength,solar_illuminated_response,response
L7,432.0,0.7379861916,0.7256921085
R1,436.0,0.744571285,0.7347532853
L6,482.0,0.7965643193,0.8000814443
L5,535.0,0.8604461433,0.8521560964
L4,601.0,0.8924223249,0.8916127508
L3,673.0,0.9197469789,0.9204367194
L1,739.0,0.9146240557,0.9234682309
L2,753.0,0.9444123766,0.9442390803
R2,754.0,0.9445367847,0.9444859368
R3,803.0,0.956589393,0.9492298082
R4,864.0,0.9716313536,0.9564602847
R5,904.0,0.9571691453,0.9561207647
R6,934.0,0.9558508569,0.9556603549
R7,1009.0,0.9648387517,0.9640949767
