Composition,
Database of Origin,Unknown
Date Added,2021-03-20 18:08:47.092235
Formula,
Grain Size,
Locality,
Material Class,
Maximum Reflectance,2560.0
Minimum Reflectance,395.1
Other Information,
References,
Resolution,
Sample Description,
Sample ID,Phyllo_Saponite_SapCa-1_USGS
Sample Name,Phyllo_Saponite_SapCa-1_USGS
Sample Type,
Viewing Geometry,
filter,wavelength,solar_illuminated_response,response
L7,432.0,0.5390852216,0.5288520616
R1,436.0,0.54507475,0.5366359955
L6,482.0,0.6532834324,0.656455149
L5,535.0,0.7708148482,0.763392542
L4,601.0,0.7967834266,0.7960488349
L3,673.0,0.8238692553,0.824484614
L1,739.0,0.806771255,0.8121448701
L2,753.0,0.8504227671,0.8502481851
R2,754.0,0.8503634439,0.8502980577
R3,803.0,0.8541647982,0.8475512956
R4,864.0,0.844076631,0.8307797455
R5,904.0,0.8206604916,0.8196902421
R6,934.0,0.8042217716,0.8039007462
R7,1009.0,0.7966560289,0.7961405429
