Composition,
Database of Origin,Unknown
Date Added,2021-03-20 18:08:47.195910
Formula,
Grain Size,
Locality,
Material Class,
Maximum Reflectance,2560.0
Minimum Reflectance,395.1
Other Information,
References,
Resolution,
Sample Description,
Sample ID,Phyllo_Illite_IMt-1-b-lt2um_USGS
Sample Name,Phyllo_Illite_IMt-1-b-lt2um_USGS
Sample Type,
Viewing Geometry,
filter,wavelength,solar_illuminated_response,response
L7,432.0,0.2537328618,0.2487715918
R1,436.0,0.2566578244,0.2525349942
L6,482.0,0.3004022538,0.3018394488
L5,535.0,0.3700660724,0.3665564436
L4,601.0,0.3730587655,0.3726783861
L3,673.0,0.3312372421,0.3314107551
L1,739.0,0.3252204634,0.3193320299
L2,753.0,0.2988647271,0.2987992358
R2,754.0,0.2987829602,0.2987571178
R3,803.0,0.3089418632,0.3065868239
R4,864.0,0.3142874602,0.3093172425
R5,904.0,0.3025648111,0.3021471725
R6,934.0,0.2956103695,0.2955369929
R7,1009.0,0.2866869173,0.2863305521
