Composition,
Database of Origin,Unknown
Date Added,2021-03-20 18:08:53.061211
Formula,
Grain Size,
Locality,
Material Class,
Maximum Reflectance,2600.0
Minimum Reflectance,300.0
Other Information,
References,
Resolution,
Sample Description,
Sample ID,Pyx_Ferrosilite_PYX117_En75_Fs25_Wo0_RELAB
Sample Name,Pyx_Ferrosilite_PYX117_En75_Fs25_Wo0_RELAB
Sample Type,
Viewing Geometry,
filter,wavelength,solar_illuminated_response,response
L7,432.0,0.1944557213,0.1938870041
R1,436.0,0.1954538188,0.1950779697
L6,482.0,0.2210759923,0.2211296957
L5,535.0,0.249423492,0.2494372394
L4,601.0,0.2992045422,0.2992472089
L3,673.0,0.3665667677,0.3666932372
L1,739.0,0.2760961292,0.2604783644
L2,753.0,0.3638980964,0.3636298402
R2,754.0,0.3614239165,0.3611388766
R3,803.0,0.2230455624,0.2227783086
R4,864.0,0.1184688304,0.1184883948
R5,904.0,0.1010193294,0.1009926129
R6,934.0,0.1028196433,0.1028541416
R7,1009.0,0.184159712,0.1861684985
