Composition,
Database of Origin,Unknown
Date Added,2021-03-20 18:08:52.948076
Formula,
Grain Size,
Locality,
Material Class,
Maximum Reflectance,2600.0
Minimum Reflectance,300.0
Other Information,
References,
Resolution,
Sample Description,
Sample ID,Pyx_Hedenbergite_PYX010_En30.4_Fs18.7_Wo50.9_45-90microns_RELAB
Sample Name,Pyx_Hedenbergite_PYX010_En30.4_Fs18.7_Wo50.9_45-90microns_RELAB
Sample Type,
Viewing Geometry,
filter,wavelength,solar_illuminated_response,response
L7,432.0,0.0714203491,0.0711014336
R1,436.0,0.071740912,0.0714568482
L6,482.0,0.0871026936,0.087134209
L5,535.0,0.1092823394,0.109306237
L4,601.0,0.0974908797,0.0974743716
L3,673.0,0.0753696922,0.0753376626
L1,739.0,0.0753483765,0.071443859
L2,753.0,0.0596556756,0.0596441091
R2,754.0,0.0595452601,0.0595333207
R3,803.0,0.0564067217,0.0564053766
R4,864.0,0.0605915993,0.0605937174
R5,904.0,0.0616014181,0.0616048688
R6,934.0,0.0608986594,0.0608907175
R7,1009.0,0.0599514183,0.0599715142
