Composition,
Database of Origin,Unknown
Date Added,2021-03-20 18:08:53.656067
Formula,
Grain Size,
Locality,
Material Class,
Maximum Reflectance,2500.0
Minimum Reflectance,350.0
Other Information,
References,
Resolution,
Sample Description,
Sample ID,Pyx_Augite_PYX016_En48.6_Fs2.5_Wo48.9_45-90microns_HOSERLab
Sample Name,Pyx_Augite_PYX016_En48.6_Fs2.5_Wo48.9_45-90microns_HOSERLab
Sample Type,
Viewing Geometry,
filter,wavelength,solar_illuminated_response,response
L7,432.0,0.4555436779,0.4543914356
R1,436.0,0.4568063298,0.4558473093
L6,482.0,0.4974128797,0.4974794002
L5,535.0,0.5397484847,0.5397959456
L4,601.0,0.5539771814,0.5539732144
L3,673.0,0.5424038272,0.5423747771
L1,739.0,0.5130964064,0.5020129502
L2,753.0,0.5141886598,0.5141479893
R2,754.0,0.5138019508,0.5137594169
R3,803.0,0.4997533304,0.499738431
R4,864.0,0.4932972208,0.493300932
R5,904.0,0.4638141289,0.4635285688
R6,934.0,0.4221275969,0.4219286392
R7,1009.0,0.3093935247,0.3085450913
