Composition,
Database of Origin,Unknown
Date Added,2021-03-20 18:08:53.933285
Formula,
Grain Size,
Locality,
Material Class,
Maximum Reflectance,2500.0
Minimum Reflectance,350.0
Other Information,
References,
Resolution,
Sample Description,
Sample ID,Pyx_Enstatite_PYX070_En99.1_Fs0.1_Wo0.8_45-90microns_HOSERLab
Sample Name,Pyx_Enstatite_PYX070_En99.1_Fs0.1_Wo0.8_45-90microns_HOSERLab
Sample Type,
Viewing Geometry,
filter,wavelength,solar_illuminated_response,response
L7,432.0,0.5807295743,0.5802392435
R1,436.0,0.5811884079,0.580761254
L6,482.0,0.5930254776,0.5930420363
L5,535.0,0.6033633876,0.603365169
L4,601.0,0.6099771666,0.609977283
L3,673.0,0.608322614,0.6083143128
L1,739.0,0.5503594088,0.5293894306
L2,753.0,0.5772126836,0.5770961858
R2,754.0,0.576144507,0.5760203194
R3,803.0,0.4971768538,0.496971598
R4,864.0,0.3819668148,0.3820132392
R5,904.0,0.3581165189,0.3581235358
R6,934.0,0.3724997726,0.3726242239
R7,1009.0,0.4875971044,0.4889188846
