Composition,
Database of Origin,Unknown
Date Added,2021-03-20 18:08:58.563098
Formula,
Grain Size,
Locality,
Material Class,
Maximum Reflectance,2500.0
Minimum Reflectance,350.0
Other Information,
References,
Resolution,
Sample Description,
Sample ID,Sulfate_Rhomboclase_SPT139_HOSERLab
Sample Name,Sulfate_Rhomboclase_SPT139_HOSERLab
Sample Type,
Viewing Geometry,
filter,wavelength,solar_illuminated_response,response
L7,432.0,0.6728725276,0.6658004697
R1,436.0,0.6783653807,0.6721274519
L6,482.0,0.7516533228,0.7516683987
L5,535.0,0.7651761194,0.7652255884
L4,601.0,0.8004086127,0.8004352258
L3,673.0,0.8256549085,0.8256703328
L1,739.0,0.8087264697,0.8141637595
L2,753.0,0.8186021752,0.8185868742
R2,754.0,0.8184524739,0.8184367966
R3,803.0,0.8172941923,0.8173004777
R4,864.0,0.8256087928,0.8256060851
R5,904.0,0.8316301043,0.8316661152
R6,934.0,0.8364839654,0.8365057851
R7,1009.0,0.8529764128,0.853199495
