Composition,
Database of Origin,Unknown
Date Added,2021-03-20 18:08:57.728452
Formula,
Grain Size,
Locality,
Material Class,
Maximum Reflectance,2976.0
Minimum Reflectance,221.1
Other Information,
References,
Resolution,
Sample Description,
Sample ID,Sulfate_Anhydrite_GDS42_USGS
Sample Name,Sulfate_Anhydrite_GDS42_USGS
Sample Type,
Viewing Geometry,
filter,wavelength,solar_illuminated_response,response
L7,432.0,0.831669539,0.8235103953
R1,436.0,0.8323576079,0.8243909133
L6,482.0,0.8349833672,0.8384802483
L5,535.0,0.8539115455,0.8456289305
L4,601.0,0.8446350415,0.8438501953
L3,673.0,0.8576244352,0.8582623684
L1,739.0,0.8737116644,0.8795255427
L2,753.0,0.8927237014,0.8925897864
R2,754.0,0.8930751864,0.8930581636
R3,803.0,0.9107326134,0.9037035309
R4,864.0,0.9224190721,0.9079869736
R5,904.0,0.9104977151,0.9094506369
R6,934.0,0.9073389078,0.9071952024
R7,1009.0,0.9056933884,0.9049102129
