Composition,
Database of Origin,Unknown
Date Added,2021-03-20 18:08:56.728135
Formula,
Grain Size,
Locality,
Material Class,
Maximum Reflectance,2500.0
Minimum Reflectance,350.0
Other Information,
References,
Resolution,
Sample Description,
Sample ID,Sulfate_Szomolnokite_SPT144_HOSERLab
Sample Name,Sulfate_Szomolnokite_SPT144_HOSERLab
Sample Type,
Viewing Geometry,
filter,wavelength,solar_illuminated_response,response
L7,432.0,0.1884362425,0.1877525486
R1,436.0,0.1891156783,0.1885259559
L6,482.0,0.2057933856,0.2058137623
L5,535.0,0.2224143818,0.2224528149
L4,601.0,0.239298957,0.2393101984
L3,673.0,0.2539991101,0.2540230084
L1,739.0,0.2571519979,0.2637449567
L2,753.0,0.2712644958,0.2712859185
R2,754.0,0.2714667508,0.2714891511
R3,803.0,0.2801409922,0.2801539637
R4,864.0,0.2857768757,0.285775577
R5,904.0,0.2879192742,0.2879359827
R6,934.0,0.2902436941,0.2902557049
R7,1009.0,0.3000008504,0.3001301627
