Composition,
Database of Origin,Unknown
Date Added,2021-03-20 18:08:57.293523
Formula,
Grain Size,
Locality,
Material Class,
Maximum Reflectance,2600.0
Minimum Reflectance,300.0
Other Information,
References,
Resolution,
Sample Description,
Sample ID,Sulfate_Melanterite_casf44_RELAB
Sample Name,Sulfate_Melanterite_casf44_RELAB
Sample Type,
Viewing Geometry,
filter,wavelength,solar_illuminated_response,response
L7,432.0,0.6520479619,0.6481096008
R1,436.0,0.6546215408,0.6510895103
L6,482.0,0.7653253312,0.7654404284
L5,535.0,0.8350745288,0.8351869895
L4,601.0,0.8545826368,0.8545571774
L3,673.0,0.7944256371,0.7943231225
L1,739.0,0.7311401792,0.7025634925
L2,753.0,0.7178701535,0.7177376535
R2,754.0,0.7166366829,0.7164974689
R3,803.0,0.6482891233,0.6481317732
R4,864.0,0.5681689525,0.5682291522
R5,904.0,0.5405398643,0.5404236354
R6,934.0,0.5318027678,0.5317932749
R7,1009.0,0.536238042,0.5363835454
