Composition,
Database of Origin,Unknown
Date Added,2021-03-20 18:08:50.953217
Formula,
Grain Size,
Locality,
Material Class,
Maximum Reflectance,2700.0
Minimum Reflectance,320.0
Other Information,
References,
Resolution,
Sample Description,
Sample ID,Amph_obsidian_glass_GS-CMP-015_RELAB
Sample Name,Amph_obsidian_glass_GS-CMP-015_RELAB
Sample Type,
Viewing Geometry,
filter,wavelength,solar_illuminated_response,response
L7,432.0,0.3115563368,0.3149731867
R1,436.0,0.3120338218,0.3156712486
L6,482.0,0.3351404197,0.3338773322
L5,535.0,0.3372962259,0.3423955574
L4,601.0,0.3515207906,0.3548387708
L3,673.0,0.3668487593,0.3671031685
L1,739.0,0.3520271561,0.3506925548
L2,753.0,0.3660821154,0.3669533571
R2,754.0,0.3660431251,0.3667925822
R3,803.0,0.3592879231,0.3576410565
R4,864.0,0.3478957217,0.3424585861
R5,904.0,0.3292516742,0.3308980046
R6,934.0,0.3227710713,0.3228393185
R7,1009.0,0.3054222675,0.3049379562
