Composition,
Database of Origin,Unknown
Date Added,2021-03-20 18:08:48.909649
Formula,
Grain Size,
Locality,
Material Class,
Maximum Reflectance,2560.0
Minimum Reflectance,395.1
Other Information,
References,
Resolution,
Sample Description,
Sample ID,CARB_Magnesite_45-63um_EhlmannEtAl2011LPSCinPrep
Sample Name,CARB_Magnesite_45-63um_EhlmannEtAl2011LPSCinPrep
Sample Type,
Viewing Geometry,
filter,wavelength,solar_illuminated_response,response
L7,432.0,0.7657451243,0.7543242948
R1,436.0,0.7710889205,0.76224535
L6,482.0,0.7783895373,0.7816648949
L5,535.0,0.800963198,0.7932036757
L4,601.0,0.8004948357,0.7997483154
L3,673.0,0.8036076131,0.8041848525
L1,739.0,0.7979030538,0.7967701711
L2,753.0,0.7998035177,0.7996341232
R2,754.0,0.7996784592,0.7996126348
R3,803.0,0.8049642593,0.7987500744
R4,864.0,0.807127296,0.7944781949
R5,904.0,0.7932858571,0.7923846695
R6,934.0,0.792014374,0.7918964684
R7,1009.0,0.7915472776,0.7908370624
