Composition,
Database of Origin,Unknown
Date Added,2021-03-20 18:08:52.253899
Formula,
Grain Size,
Locality,
Material Class,
Maximum Reflectance,4100.07
Minimum Reflectance,350.0
Other Information,
References,
Resolution,
Sample Description,
Sample ID,FELD_Maskelynite_LALS91
Sample Name,FELD_Maskelynite_LALS91
Sample Type,
Viewing Geometry,
filter,wavelength,solar_illuminated_response,response
L7,432.0,0.1637420762,0.1633952042
R1,436.0,0.1641362623,0.1638543732
L6,482.0,0.1712119164,0.1712222368
L5,535.0,0.1780893351,0.1781021268
L4,601.0,0.1769987757,0.1769981484
L3,673.0,0.1795811542,0.1795859265
L1,739.0,0.169822496,0.1665811728
L2,753.0,0.1764385212,0.1764162354
R2,754.0,0.1762291797,0.1762061393
R3,803.0,0.1653978326,0.1653681118
R4,864.0,0.1455259299,0.1455291118
R5,904.0,0.1392477839,0.1392357433
R6,934.0,0.1389082232,0.1389108988
R7,1009.0,0.1504994663,0.1507078249
