Composition,
Database of Origin,Unknown
Date Added,2021-03-20 18:08:46.288238
Formula,
Grain Size,
Locality,
Material Class,
Maximum Reflectance,2560.0
Minimum Reflectance,395.1
Other Information,
References,
Resolution,
Sample Description,
Sample ID,HydSil_Prehnite_LAZE03_RELAB
Sample Name,HydSil_Prehnite_LAZE03_RELAB
Sample Type,
Viewing Geometry,
filter,wavelength,solar_illuminated_response,response
L7,432.0,0.7057161388,0.6950890705
R1,436.0,0.7107265098,0.702472289
L6,482.0,0.7213806264,0.7244302441
L5,535.0,0.7415082261,0.7343247484
L4,601.0,0.7359666503,0.7352739439
L3,673.0,0.7330649043,0.7335762946
L1,739.0,0.7339089509,0.7333010978
L2,753.0,0.7335656607,0.7334174388
R2,754.0,0.7334957568,0.7334420069
R3,803.0,0.7395195562,0.7338085196
R4,864.0,0.7462366116,0.7345636615
R5,904.0,0.7354346582,0.7346080498
R6,934.0,0.7354340391,0.7353263388
R7,1009.0,0.7367466579,0.7361251395
