Composition,
Database of Origin,Unknown
Date Added,2021-03-20 18:08:50.642182
Formula,
Grain Size,
Locality,
Material Class,
Maximum Reflectance,2500.0
Minimum Reflectance,350.0
Other Information,
References,
Resolution,
Sample Description,
Sample ID,Oxide_MnO_ore_OREAS170A00000_Hardgrove
Sample Name,Oxide_MnO_ore_OREAS170A00000_Hardgrove
Sample Type,
Viewing Geometry,
filter,wavelength,solar_illuminated_response,response
L7,432.0,0.0288301932,0.0287885242
R1,436.0,0.0288792421,0.0288446794
L6,482.0,0.0297981206,0.0298022832
L5,535.0,0.0315840301,0.0315893904
L4,601.0,0.0348591605,0.0348612121
L3,673.0,0.0386749407,0.0386818009
L1,739.0,0.0416528004,0.0438798077
L2,753.0,0.04488587,0.0448951821
R2,754.0,0.0449738409,0.0449835684
R3,803.0,0.0488480577,0.048855048
R4,864.0,0.0525707993,0.0525697787
R5,904.0,0.0538551317,0.0538619727
R6,934.0,0.0546404587,0.0546438933
R7,1009.0,0.056897626,0.0569302745
