Composition,
Database of Origin,Unknown
Date Added,2021-03-20 18:08:47.920842
Formula,
Grain Size,
Locality,
Material Class,
Maximum Reflectance,2560.0
Minimum Reflectance,395.1
Other Information,
References,
Resolution,
Sample Description,
Sample ID,Phyllo_Chlorite_LACL14_RELAB
Sample Name,Phyllo_Chlorite_LACL14_RELAB
Sample Type,
Viewing Geometry,
filter,wavelength,solar_illuminated_response,response
L7,432.0,0.2525299632,0.2484042169
R1,436.0,0.2547953125,0.25152126
L6,482.0,0.2835709317,0.2848824355
L5,535.0,0.3005896516,0.2976690469
L4,601.0,0.2839041349,0.2836183662
L3,673.0,0.2556572453,0.2558006601
L1,739.0,0.2741694408,0.2740620744
L2,753.0,0.2621933996,0.2621922601
R2,754.0,0.2626211906,0.2626557969
R3,803.0,0.2845919384,0.2824164023
R4,864.0,0.2814681598,0.277035052
R5,904.0,0.2760322472,0.2757519727
R6,934.0,0.2823968533,0.2824083138
R7,1009.0,0.2997655076,0.2995866525
