Composition,
Database of Origin,Unknown
Date Added,2021-03-20 18:08:54.300280
Formula,
Grain Size,
Locality,
Material Class,
Maximum Reflectance,2500.0
Minimum Reflectance,350.0
Other Information,
References,
Resolution,
Sample Description,
Sample ID,Pyx_Pigeonite_PYX112_En64.8_Fs26.9_Wo8.3_45-90microns_HOSERLab
Sample Name,Pyx_Pigeonite_PYX112_En64.8_Fs26.9_Wo8.3_45-90microns_HOSERLab
Sample Type,
Viewing Geometry,
filter,wavelength,solar_illuminated_response,response
L7,432.0,0.0799514541,0.0797718174
R1,436.0,0.080183122,0.0800425082
L6,482.0,0.0841362637,0.0841406861
L5,535.0,0.0884430779,0.0884497466
L4,601.0,0.0970567741,0.0970651535
L3,673.0,0.112131268,0.1121616512
L1,739.0,0.1015510603,0.1001294486
L2,753.0,0.1301538418,0.1301480172
R2,754.0,0.1301146949,0.1301076385
R3,803.0,0.1118211751,0.1117548797
R4,864.0,0.0754464823,0.0754597439
R5,904.0,0.0669105154,0.0668881571
R6,934.0,0.0665900569,0.0666001799
R7,1009.0,0.0914089567,0.0919894649
