Composition,
Database of Origin,Unknown
Date Added,2021-03-20 18:08:53.284753
Formula,
Grain Size,
Locality,
Material Class,
Maximum Reflectance,2600.0
Minimum Reflectance,300.0
Other Information,
References,
Resolution,
Sample Description,
Sample ID,Pyx_Diopside_PYX036_En43.3_Fs13.4_Wo43.3_45-90microns_RELAB
Sample Name,Pyx_Diopside_PYX036_En43.3_Fs13.4_Wo43.3_45-90microns_RELAB
Sample Type,
Viewing Geometry,
filter,wavelength,solar_illuminated_response,response
L7,432.0,0.0629617345,0.0626799878
R1,436.0,0.0633026196,0.0630711003
L6,482.0,0.0771866548,0.0772127809
L5,535.0,0.0981965765,0.0982289791
L4,601.0,0.1087453441,0.108745815
L3,673.0,0.10918045,0.1091831974
L1,739.0,0.1081162107,0.109359653
L2,753.0,0.1106147527,0.1106218806
R2,754.0,0.1106755891,0.1106833761
R3,803.0,0.1197031706,0.1197347397
R4,864.0,0.1329574264,0.1329596586
R5,904.0,0.1195483983,0.1194183521
R6,934.0,0.1023052726,0.1022346519
R7,1009.0,0.0765228266,0.0764750905
