Composition,
Database of Origin,Unknown
Date Added,2021-03-20 18:08:58.873267
Formula,
Grain Size,
Locality,
Material Class,
Maximum Reflectance,2976.0
Minimum Reflectance,221.1
Other Information,
References,
Resolution,
Sample Description,
Sample ID,Sulfate_Coquimbite_GDS22_USGS
Sample Name,Sulfate_Coquimbite_GDS22_USGS
Sample Type,
Viewing Geometry,
filter,wavelength,solar_illuminated_response,response
L7,432.0,0.4424411928,0.4306144809
R1,436.0,0.4481392361,0.437132953
L6,482.0,0.5374482304,0.539767945
L5,535.0,0.5504749103,0.5451433575
L4,601.0,0.5857294313,0.5852452452
L3,673.0,0.6420220718,0.6424727971
L1,739.0,0.6175269672,0.6294581634
L2,753.0,0.6091114239,0.6089592463
R2,754.0,0.6088150204,0.6087417236
R3,803.0,0.6228155466,0.6180705614
R4,864.0,0.6835659533,0.6730232321
R5,904.0,0.7022245141,0.7015809207
R6,934.0,0.7157596491,0.7157208809
R7,1009.0,0.7328663871,0.7323246885
