Composition,
Database of Origin,Unknown
Date Added,2021-03-20 18:08:57.618615
Formula,
Grain Size,
Locality,
Material Class,
Maximum Reflectance,2505.0
Minimum Reflectance,405.0
Other Information,
References,
Resolution,
Sample Description,
Sample ID,Sulfate_Starkeyite_starkeyi_Crowley
Sample Name,Sulfate_Starkeyite_starkeyi_Crowley
Sample Type,
Viewing Geometry,
filter,wavelength,solar_illuminated_response,response
L7,432.0,0.8883600904,0.8829992521
R1,436.0,0.8989492781,0.8966475116
L6,482.0,0.909907134,0.9098948311
L5,535.0,0.9091721163,0.9091474943
L4,601.0,0.9042626843,0.9042685251
L3,673.0,0.905379106,0.9053673103
L1,739.0,0.9002163193,0.8966815807
L2,753.0,0.8987576505,0.8987494083
R2,754.0,0.8986596201,0.8986517488
R3,803.0,0.9002540028,0.9007663037
R4,864.0,0.9087536547,0.8949021306
R5,904.0,0.8892514387,0.8897459485
R6,934.0,0.881527023,0.8805501477
R7,1009.0,0.8485396482,0.8478959908
